Strategy,Symbol,Interval,Total Trades,Win Rate %,Profit Factor,Total PnL %,Sharpe Ratio,Max Drawdown %,Avg Trade Duration (min),Status,Error
momentum-rotation,BTCUSDT,4h,19,31.58,0.44,-1.58,-5.21,2.23,2993.68,success,
momentum-rotation,BTCUSDT,6h,26,38.46,0.70,-1.11,-2.78,2.64,4818.46,success,
momentum-rotation,BTCUSDT,8h,28,46.43,0.58,-1.70,-3.33,2.07,5845.71,success,
momentum-rotation,BTCUSDT,12h,31,29.03,0.15,-6.48,-12.15,7.39,8965.16,success,
momentum-rotation,BTCUSDT,1d,27,33.33,0.18,-6.70,-12.43,7.66,12800.00,success,
momentum-rotation,ETHUSDT,4h,51,21.57,0.14,-13.37,-10.42,14.06,2564.71,success,
momentum-rotation,ETHUSDT,6h,69,27.54,0.66,-8.04,-2.95,13.71,3949.57,success,
momentum-rotation,ETHUSDT,8h,60,23.33,1.17,2.30,0.33,7.86,6912.00,success,
momentum-rotation,ETHUSDT,12h,59,25.42,1.54,10.65,1.80,15.28,11214.92,success,
momentum-rotation,ETHUSDT,1d,25,40.00,0.74,-2.23,-2.71,7.80,18950.40,success,
momentum-rotation,SOLUSDT,4h,90,25.56,0.35,-13.29,-6.75,16.78,2349.33,success,
momentum-rotation,SOLUSDT,6h,94,37.23,1.20,2.27,-0.00,5.03,5518.72,success,
momentum-rotation,SOLUSDT,8h,91,52.75,2.66,25.94,4.42,3.45,8650.55,success,
momentum-rotation,SOLUSDT,12h,82,36.59,0.67,-9.53,-2.79,19.33,9781.46,success,
momentum-rotation,SOLUSDT,1d,62,25.81,0.41,-18.69,-5.24,22.55,22296.77,success,
momentum-rotation,BNBUSDT,4h,113,54.87,3.37,26.67,5.49,4.90,4991.15,success,
momentum-rotation,BNBUSDT,6h,115,40.00,1.24,2.64,0.38,6.08,5368.70,success,
momentum-rotation,BNBUSDT,8h,89,26.97,0.24,-16.75,-9.17,17.78,5619.78,success,
momentum-rotation,BNBUSDT,12h,101,40.59,1.27,2.73,-0.02,4.85,10144.16,success,
momentum-rotation,BNBUSDT,1d,50,56.00,2.00,5.92,3.84,3.12,19728.00,success,
momentum-rotation,DOTUSDT,4h,142,32.39,0.52,-18.48,-4.61,21.02,3243.38,success,
momentum-rotation,DOTUSDT,6h,114,34.21,1.05,0.57,0.13,10.34,5532.63,success,
momentum-rotation,DOTUSDT,8h,93,40.86,3.44,51.59,5.11,6.63,7705.81,success,
momentum-rotation,DOTUSDT,12h,79,18.99,1.04,1.31,0.54,27.77,11219.24,success,
momentum-rotation,DOTUSDT,1d,49,20.41,1.10,2.20,0.55,17.06,14223.67,success,
momentum-rotation,SUIUSDT,4h,190,26.32,1.35,15.48,0.98,12.08,3346.11,success,
momentum-rotation,SUIUSDT,6h,116,31.03,2.91,75.04,3.89,7.60,5862.41,success,
momentum-rotation,SUIUSDT,8h,96,36.46,3.48,68.69,4.60,6.70,8705.00,success,
momentum-rotation,SUIUSDT,12h,79,32.91,2.50,42.02,3.56,12.09,10690.63,success,
momentum-rotation,SUIUSDT,1d,55,40.00,1.78,15.16,2.41,9.71,18484.36,success,
momentum-rotation,XRPUSDT,4h,181,50.83,2.51,39.88,3.26,4.75,3678.23,success,
momentum-rotation,XRPUSDT,6h,173,49.71,2.92,67.56,3.53,7.16,5169.02,success,
momentum-rotation,XRPUSDT,8h,138,42.03,3.33,97.72,4.13,8.42,6991.30,success,
momentum-rotation,XRPUSDT,12h,121,40.50,2.66,47.65,3.39,8.77,10484.63,success,
momentum-rotation,XRPUSDT,1d,68,25.00,1.00,-0.33,0.05,8.38,14124.71,success,
momentum-rotation,ADAUSDT,4h,129,41.86,0.65,-9.51,-2.51,9.51,3026.98,success,
momentum-rotation,ADAUSDT,6h,93,36.56,2.89,55.83,4.69,11.97,6689.03,success,
momentum-rotation,ADAUSDT,8h,105,33.33,2.26,49.72,3.64,14.37,8123.43,success,
momentum-rotation,ADAUSDT,12h,99,33.33,1.14,4.89,0.76,17.40,11105.45,success,
momentum-rotation,ADAUSDT,1d,55,29.09,0.78,-6.43,-1.23,15.17,19479.27,success,
momentum-rotation,XLMUSDT,4h,153,45.10,1.77,36.71,2.75,17.02,2947.45,success,
momentum-rotation,XLMUSDT,6h,104,40.38,2.64,50.97,3.26,10.10,4389.23,success,
momentum-rotation,XLMUSDT,8h,95,31.58,2.36,41.26,3.29,13.54,5295.16,success,
momentum-rotation,XLMUSDT,12h,114,34.21,1.55,13.60,1.61,12.41,7932.63,success,
momentum-rotation,XLMUSDT,1d,71,14.08,0.26,-24.77,-7.17,24.77,13791.55,success,
momentum-rotation,XMRUSDT,4h,169,42.01,1.35,8.21,0.82,14.67,4105.56,success,
momentum-rotation,XMRUSDT,6h,127,51.18,3.36,43.77,3.14,6.97,5507.72,success,
momentum-rotation,XMRUSDT,8h,120,37.50,1.38,11.12,1.48,19.60,6428.00,success,
momentum-rotation,XMRUSDT,12h,108,50.93,2.36,24.95,4.25,8.96,12513.33,success,
momentum-rotation,XMRUSDT,1d,97,55.67,2.04,19.03,4.38,8.77,20679.59,success,
momentum-rotation,NEARUSDT,4h,211,39.81,1.23,12.57,1.17,19.46,4097.06,success,
momentum-rotation,NEARUSDT,6h,151,37.09,1.36,19.42,1.68,23.33,4839.74,success,
momentum-rotation,NEARUSDT,8h,110,25.45,0.92,-3.57,-0.34,21.14,6519.27,success,
momentum-rotation,NEARUSDT,12h,103,25.24,0.42,-25.81,-5.84,29.83,9234.17,success,
momentum-rotation,NEARUSDT,1d,69,28.99,0.42,-13.12,-5.17,13.12,14086.96,success,
momentum-rotation,UNIUSDT,4h,269,30.86,0.84,-10.78,-2.06,16.89,3037.92,success,
momentum-rotation,UNIUSDT,6h,202,27.23,1.16,10.28,0.18,22.08,5745.74,success,
momentum-rotation,UNIUSDT,8h,191,37.17,1.63,28.42,2.17,15.94,7164.82,success,
momentum-rotation,UNIUSDT,12h,134,38.06,1.09,3.63,0.61,16.73,9822.09,success,
momentum-rotation,UNIUSDT,1d,77,23.38,0.82,-9.81,-1.04,27.95,16251.43,success,
momentum-rotation,HBARUSDT,4h,262,38.17,1.10,6.02,0.58,25.88,3392.98,success,
momentum-rotation,HBARUSDT,6h,188,34.57,1.92,59.56,3.30,19.09,4687.66,success,
momentum-rotation,HBARUSDT,8h,167,25.75,1.79,60.24,2.57,22.35,5952.57,success,
momentum-rotation,HBARUSDT,12h,111,37.84,3.36,148.91,4.47,13.05,7757.84,success,
momentum-rotation,HBARUSDT,1d,66,19.70,1.80,32.22,2.81,15.28,11694.55,success,
momentum-rotation,TRXUSDT,4h,85,50.59,1.72,11.73,2.71,9.82,3986.82,success,
momentum-rotation,TRXUSDT,6h,70,40.00,2.57,27.31,3.55,10.45,5718.86,success,
momentum-rotation,TRXUSDT,8h,66,27.27,0.49,-14.02,-4.70,23.56,8429.09,success,
momentum-rotation,TRXUSDT,12h,59,37.29,1.13,1.49,0.40,11.69,8261.69,success,
momentum-rotation,TRXUSDT,1d,50,60.00,3.22,51.36,5.78,13.51,24912.00,success,
momentum-rotation,ZECUSDT,4h,246,36.99,0.90,-6.31,-0.91,13.54,3083.90,success,
momentum-rotation,ZECUSDT,6h,177,53.67,5.07,175.63,6.07,6.23,5662.37,success,
momentum-rotation,ZECUSDT,8h,146,50.00,3.21,147.88,5.71,10.71,9248.22,success,
momentum-rotation,ZECUSDT,12h,124,55.65,4.30,109.88,5.66,4.85,13122.58,success,
momentum-rotation,ZECUSDT,1d,79,48.10,4.77,230.32,6.58,11.02,28380.76,success,
momentum-rotation,LTCUSDT,4h,163,40.49,0.75,-11.28,-2.44,24.21,3099.39,success,
momentum-rotation,LTCUSDT,6h,124,40.32,1.10,1.85,-0.67,10.45,4976.13,success,
momentum-rotation,LTCUSDT,8h,91,61.54,3.41,30.63,5.92,3.65,8012.31,success,
momentum-rotation,LTCUSDT,12h,94,39.36,0.82,-6.00,-1.13,17.32,9375.32,success,
momentum-rotation,LTCUSDT,1d,59,32.20,0.61,-11.93,-3.21,21.97,25383.05,success,
momentum-rotation,AAVEUSDT,4h,155,32.90,0.32,-25.30,-7.81,29.14,2697.29,success,
momentum-rotation,AAVEUSDT,6h,158,27.22,1.25,8.94,0.92,15.93,5468.35,success,
momentum-rotation,AAVEUSDT,8h,130,35.38,1.95,34.69,2.44,14.89,7425.23,success,
momentum-rotation,AAVEUSDT,12h,104,21.15,0.30,-23.42,-7.82,24.06,9505.38,success,
momentum-rotation,AAVEUSDT,1d,67,37.31,2.56,32.46,3.94,7.21,17731.34,success,
momentum-rotation,ETCUSDT,4h,133,34.59,0.47,-16.47,-5.12,20.52,2982.86,success,
momentum-rotation,ETCUSDT,6h,125,43.20,1.26,5.74,1.67,11.74,4757.76,success,
momentum-rotation,ETCUSDT,8h,104,28.85,2.17,24.93,3.68,8.36,9355.38,success,
momentum-rotation,ETCUSDT,12h,90,30.00,1.11,2.59,0.74,10.77,10320.00,success,
momentum-rotation,ETCUSDT,1d,54,25.93,1.02,0.07,0.11,14.31,16640.00,success,
momentum-rotation,BCHUSDT,4h,245,38.78,1.34,18.98,1.39,17.77,3655.84,success,
momentum-rotation,BCHUSDT,6h,204,35.78,1.54,23.19,2.35,14.28,4695.88,success,
momentum-rotation,BCHUSDT,8h,194,42.78,1.50,16.92,2.15,11.11,5881.24,success,
momentum-rotation,BCHUSDT,12h,151,51.66,0.83,-7.08,-0.66,15.28,10771.39,success,
momentum-rotation,BCHUSDT,1d,64,37.50,1.18,2.54,0.92,11.01,23557.50,success,
momentum-rotation,DOGEUSDT,4h,220,36.36,0.93,-5.15,-0.19,18.95,3328.36,success,
momentum-rotation,DOGEUSDT,6h,183,32.24,1.65,41.13,2.37,24.25,4801.97,success,
momentum-rotation,DOGEUSDT,8h,161,44.10,2.05,39.66,2.87,8.54,6484.47,success,
momentum-rotation,DOGEUSDT,12h,126,42.06,2.17,90.65,3.70,24.77,11411.43,success,
momentum-rotation,DOGEUSDT,1d,75,28.00,1.19,7.37,0.88,21.14,17760.00,success,
chande-momentum-crypto,BTCUSDT,4h,211,45.97,0.90,-5.32,-0.92,10.01,5352.80,success,
chande-momentum-crypto,BTCUSDT,6h,139,46.76,0.67,-12.31,-2.29,16.03,8259.28,success,
chande-momentum-crypto,BTCUSDT,8h,96,52.08,0.96,-1.64,-0.10,9.72,11125.00,success,
chande-momentum-crypto,BTCUSDT,12h,58,56.90,1.43,5.41,2.61,4.75,17900.69,success,
chande-momentum-crypto,BTCUSDT,1d,30,43.33,1.37,3.49,1.68,7.10,34080.00,success,
chande-momentum-crypto,ETHUSDT,4h,196,48.98,1.07,2.13,0.40,12.70,6577.96,success,
chande-momentum-crypto,ETHUSDT,6h,134,50.00,0.72,-12.44,-1.87,18.18,8508.36,success,
chande-momentum-crypto,ETHUSDT,8h,91,60.44,1.66,16.53,2.51,6.03,11134.95,success,
chande-momentum-crypto,ETHUSDT,12h,59,47.46,0.85,-4.16,-1.87,11.96,16181.69,success,
chande-momentum-crypto,ETHUSDT,1d,27,48.15,0.57,-9.84,-3.86,17.80,44853.33,success,
chande-momentum-crypto,SOLUSDT,4h,194,42.78,0.80,-12.65,-1.52,16.07,5485.36,success,
chande-momentum-crypto,SOLUSDT,6h,127,43.31,0.81,-10.65,-1.53,14.29,9833.39,success,
chande-momentum-crypto,SOLUSDT,8h,89,46.07,1.17,5.53,1.29,11.31,12372.13,success,
chande-momentum-crypto,SOLUSDT,12h,72,54.17,1.21,6.95,1.70,17.87,18510.00,success,
chande-momentum-crypto,SOLUSDT,1d,35,65.71,1.67,12.14,3.30,11.00,41636.57,success,
chande-momentum-crypto,BNBUSDT,4h,192,46.35,0.75,-13.59,-1.35,23.83,6958.75,success,
chande-momentum-crypto,BNBUSDT,6h,129,34.11,0.51,-22.30,-3.81,23.33,12669.77,success,
chande-momentum-crypto,BNBUSDT,8h,96,39.58,0.63,-12.28,-2.46,12.35,14665.00,success,
chande-momentum-crypto,BNBUSDT,12h,66,40.91,0.67,-8.22,-2.33,12.37,20105.45,success,
chande-momentum-crypto,BNBUSDT,1d,27,48.15,0.84,-1.94,-0.16,7.47,37333.33,success,
chande-momentum-crypto,DOTUSDT,4h,204,51.96,1.22,11.24,0.98,9.22,5815.29,success,
chande-momentum-crypto,DOTUSDT,6h,122,59.84,1.19,7.70,1.60,8.34,10307.21,success,
chande-momentum-crypto,DOTUSDT,8h,99,61.62,1.47,15.26,2.68,7.23,13168.48,success,
chande-momentum-crypto,DOTUSDT,12h,70,44.29,0.47,-20.82,-4.82,22.78,19316.57,success,
chande-momentum-crypto,DOTUSDT,1d,31,64.52,2.09,18.96,4.79,7.39,41434.84,success,
chande-momentum-crypto,SUIUSDT,4h,182,46.70,0.86,-10.45,-0.89,26.12,6742.42,success,
chande-momentum-crypto,SUIUSDT,6h,112,52.68,1.27,11.54,1.08,7.95,10186.07,success,
chande-momentum-crypto,SUIUSDT,8h,97,52.58,1.02,0.40,0.07,11.63,14152.58,success,
chande-momentum-crypto,SUIUSDT,12h,59,57.63,1.58,15.61,2.95,6.81,20770.17,success,
chande-momentum-crypto,SUIUSDT,1d,17,70.59,3.85,20.46,8.42,3.78,60480.00,success,
chande-momentum-crypto,XRPUSDT,4h,184,51.09,0.82,-10.34,-1.17,13.97,6650.87,success,
chande-momentum-crypto,XRPUSDT,6h,116,51.72,0.98,-1.50,0.11,13.92,11153.79,success,
chande-momentum-crypto,XRPUSDT,8h,90,52.22,0.80,-7.16,-1.22,13.21,15754.67,success,
chande-momentum-crypto,XRPUSDT,12h,59,64.41,1.49,10.72,2.30,7.40,23467.12,success,
chande-momentum-crypto,XRPUSDT,1d,28,82.14,3.79,20.05,9.04,3.58,44845.71,success,
chande-momentum-crypto,ADAUSDT,4h,182,50.00,1.16,7.33,1.08,11.50,7145.93,success,
chande-momentum-crypto,ADAUSDT,6h,139,53.96,1.31,13.41,1.50,6.58,8311.08,success,
chande-momentum-crypto,ADAUSDT,8h,103,54.37,1.08,3.13,0.04,9.81,13160.39,success,
chande-momentum-crypto,ADAUSDT,12h,69,56.52,1.10,2.80,0.51,9.85,23154.78,success,
chande-momentum-crypto,ADAUSDT,1d,26,69.23,2.51,14.65,5.99,5.98,34449.23,success,
chande-momentum-crypto,XLMUSDT,4h,177,50.28,1.03,0.18,0.25,14.50,6978.98,success,
chande-momentum-crypto,XLMUSDT,6h,118,51.69,0.83,-7.60,-1.57,15.88,9103.73,success,
chande-momentum-crypto,XLMUSDT,8h,85,58.82,1.27,8.57,1.40,9.78,16111.06,success,
chande-momentum-crypto,XLMUSDT,12h,64,56.25,1.06,1.57,-0.03,13.83,24018.75,success,
chande-momentum-crypto,XLMUSDT,1d,24,58.33,0.72,-4.89,-2.11,8.44,57480.00,success,
chande-momentum-crypto,XMRUSDT,4h,140,46.43,0.93,-3.45,0.15,7.63,7266.86,success,
chande-momentum-crypto,XMRUSDT,6h,82,52.44,1.34,6.68,1.88,5.26,11743.90,success,
chande-momentum-crypto,XMRUSDT,8h,75,52.00,1.23,4.90,1.76,8.56,15616.00,success,
chande-momentum-crypto,XMRUSDT,12h,52,59.62,1.26,4.38,1.32,7.23,27844.62,success,
chande-momentum-crypto,XMRUSDT,1d,14,35.71,0.64,-3.98,-2.79,7.41,72720.00,success,
chande-momentum-crypto,NEARUSDT,4h,188,49.47,0.96,-3.76,-0.51,16.81,5673.19,success,
chande-momentum-crypto,NEARUSDT,6h,128,47.66,0.70,-19.47,-2.33,26.76,11084.06,success,
chande-momentum-crypto,NEARUSDT,8h,89,49.44,0.81,-8.68,-1.31,15.31,14707.42,success,
chande-momentum-crypto,NEARUSDT,12h,61,47.54,0.91,-3.71,-0.55,15.93,22095.74,success,
chande-momentum-crypto,NEARUSDT,1d,28,67.86,2.10,16.61,4.95,8.09,49782.86,success,
chande-momentum-crypto,UNIUSDT,4h,188,54.79,1.33,19.57,2.18,10.41,6098.30,success,
chande-momentum-crypto,UNIUSDT,6h,118,52.54,1.17,7.03,0.91,9.30,9744.41,success,
chande-momentum-crypto,UNIUSDT,8h,91,52.75,1.13,4.59,0.70,9.95,12733.19,success,
chande-momentum-crypto,UNIUSDT,12h,65,46.15,0.52,-21.78,-3.41,34.63,20248.62,success,
chande-momentum-crypto,UNIUSDT,1d,25,52.00,1.01,0.00,0.15,14.10,57369.60,success,
chande-momentum-crypto,HBARUSDT,4h,195,55.38,1.24,14.40,1.25,7.75,5704.62,success,
chande-momentum-crypto,HBARUSDT,6h,130,55.38,1.28,11.67,1.55,6.62,7856.31,success,
chande-momentum-crypto,HBARUSDT,8h,78,51.28,1.03,0.49,-0.25,12.28,13163.08,success,
chande-momentum-crypto,HBARUSDT,12h,68,45.59,0.62,-17.88,-2.86,20.10,22838.82,success,
chande-momentum-crypto,HBARUSDT,1d,35,48.57,0.74,-8.54,-1.80,23.47,52539.43,success,
chande-momentum-crypto,TRXUSDT,4h,200,51.00,1.03,-0.68,0.15,6.08,5871.60,success,
chande-momentum-crypto,TRXUSDT,6h,126,53.97,1.27,4.93,1.49,4.54,7622.86,success,
chande-momentum-crypto,TRXUSDT,8h,96,45.83,0.70,-7.22,-1.90,12.78,11865.00,success,
chande-momentum-crypto,TRXUSDT,12h,63,42.86,1.22,3.10,1.24,6.03,19565.71,success,
chande-momentum-crypto,TRXUSDT,1d,27,37.04,0.60,-3.82,-4.06,6.55,27840.00,success,
chande-momentum-crypto,ZECUSDT,4h,165,50.91,0.85,-11.23,-0.73,22.37,6909.09,success,
chande-momentum-crypto,ZECUSDT,6h,122,43.44,0.89,-5.93,-0.73,18.41,10929.84,success,
chande-momentum-crypto,ZECUSDT,8h,85,55.29,1.68,21.64,3.36,10.68,15247.06,success,
chande-momentum-crypto,ZECUSDT,12h,70,52.86,0.74,-10.74,-1.93,18.01,20550.86,success,
chande-momentum-crypto,ZECUSDT,1d,37,54.05,1.53,14.49,3.06,9.97,48220.54,success,
chande-momentum-crypto,LTCUSDT,4h,172,51.16,0.92,-5.19,-0.08,15.27,7664.65,success,
chande-momentum-crypto,LTCUSDT,6h,126,51.59,1.22,7.07,0.96,10.35,11540.00,success,
chande-momentum-crypto,LTCUSDT,8h,102,60.78,1.20,6.84,1.42,15.01,17265.88,success,
chande-momentum-crypto,LTCUSDT,12h,62,45.16,0.93,-2.51,-0.23,13.36,27940.65,success,
chande-momentum-crypto,LTCUSDT,1d,25,44.00,0.84,-2.05,-1.21,4.12,44179.20,success,
chande-momentum-crypto,AAVEUSDT,4h,164,50.00,0.85,-10.62,-1.03,15.49,7286.34,success,
chande-momentum-crypto,AAVEUSDT,6h,109,53.21,1.00,-0.78,0.08,15.63,10258.35,success,
chande-momentum-crypto,AAVEUSDT,8h,84,45.24,0.73,-12.23,-2.45,23.01,12651.43,success,
chande-momentum-crypto,AAVEUSDT,12h,58,56.90,0.93,-2.72,-0.47,20.00,19365.52,success,
chande-momentum-crypto,AAVEUSDT,1d,25,56.00,0.58,-10.09,-3.44,14.24,35078.40,success,
chande-momentum-crypto,ETCUSDT,4h,195,55.38,1.23,9.68,0.96,7.83,6561.23,success,
chande-momentum-crypto,ETCUSDT,6h,132,56.82,1.28,10.74,1.59,12.40,11116.36,success,
chande-momentum-crypto,ETCUSDT,8h,84,59.52,1.13,3.41,0.92,9.13,15571.43,success,
chande-momentum-crypto,ETCUSDT,12h,63,63.49,1.39,8.15,1.92,6.82,18594.29,success,
chande-momentum-crypto,ETCUSDT,1d,25,36.00,0.46,-12.13,-5.05,15.88,58176.00,success,
chande-momentum-crypto,BCHUSDT,4h,170,50.59,1.06,1.54,-0.07,10.63,6681.88,success,
chande-momentum-crypto,BCHUSDT,6h,131,51.91,1.05,1.15,0.02,14.00,11591.45,success,
chande-momentum-crypto,BCHUSDT,8h,90,57.78,1.17,4.79,1.21,11.40,15402.67,success,
chande-momentum-crypto,BCHUSDT,12h,48,60.42,1.63,10.99,3.10,7.54,25515.00,success,
chande-momentum-crypto,BCHUSDT,1d,23,43.48,1.11,1.24,0.76,6.68,52403.48,success,
chande-momentum-crypto,DOGEUSDT,4h,178,47.75,0.85,-9.27,-1.06,19.58,6509.66,success,
chande-momentum-crypto,DOGEUSDT,6h,117,61.54,1.79,29.23,3.75,6.75,8018.46,success,
chande-momentum-crypto,DOGEUSDT,8h,96,54.17,0.93,-4.13,-0.37,15.01,15520.00,success,
chande-momentum-crypto,DOGEUSDT,12h,64,56.25,0.97,-1.40,-0.30,11.74,20790.00,success,
chande-momentum-crypto,DOGEUSDT,1d,27,51.85,0.80,-5.08,-1.28,18.36,49333.33,success,
rsi-oversold-bounce,BTCUSDT,4h,5,20.00,0.19,-0.50,-8.47,0.50,1584.00,success,
rsi-oversold-bounce,BTCUSDT,6h,6,50.00,1.51,0.26,3.72,0.40,1440.00,success,
rsi-oversold-bounce,BTCUSDT,8h,5,80.00,7.55,1.40,15.72,0.22,3744.00,success,
rsi-oversold-bounce,BTCUSDT,12h,6,83.33,12.46,2.25,16.43,0.20,3600.00,success,
rsi-oversold-bounce,BTCUSDT,1d,1,100.00,Infinity,0.66,0.00,0.00,1440.00,success,
rsi-oversold-bounce,ETHUSDT,4h,3,33.33,0.02,-0.90,-16.81,0.91,2160.00,success,
rsi-oversold-bounce,ETHUSDT,6h,1,0.00,0.00,-0.50,0.00,0.50,1440.00,success,
rsi-oversold-bounce,ETHUSDT,8h,1,0.00,0.00,-0.58,0.00,0.58,2400.00,success,
rsi-oversold-bounce,ETHUSDT,12h,1,0.00,0.00,-0.22,0.00,0.22,720.00,success,
rsi-oversold-bounce,ETHUSDT,1d,0,0.00,0.00,0.00,0.00,0.00,0.00,no_trades,
rsi-oversold-bounce,SOLUSDT,4h,2,50.00,0.85,-0.11,0.96,0.61,1200.00,success,
rsi-oversold-bounce,SOLUSDT,6h,2,100.00,Infinity,0.48,14.48,0.00,3600.00,success,
rsi-oversold-bounce,SOLUSDT,8h,1,100.00,Infinity,0.66,0.00,0.00,3840.00,success,
rsi-oversold-bounce,SOLUSDT,12h,0,0.00,0.00,0.00,0.00,0.00,0.00,no_trades,
rsi-oversold-bounce,SOLUSDT,1d,0,0.00,0.00,0.00,0.00,0.00,0.00,no_trades,
rsi-oversold-bounce,BNBUSDT,4h,3,66.67,4.56,0.55,9.83,0.17,960.00,success,
rsi-oversold-bounce,BNBUSDT,6h,1,100.00,Infinity,0.18,0.00,0.00,3600.00,success,
rsi-oversold-bounce,BNBUSDT,8h,3,66.67,181.22,0.24,16.73,0.01,2240.00,success,
rsi-oversold-bounce,BNBUSDT,12h,0,0.00,0.00,0.00,0.00,0.00,0.00,no_trades,
rsi-oversold-bounce,BNBUSDT,1d,1,100.00,Infinity,0.50,0.00,0.00,14400.00,success,
rsi-oversold-bounce,DOTUSDT,4h,9,55.56,1.93,0.84,4.63,0.81,1280.00,success,
rsi-oversold-bounce,DOTUSDT,6h,6,33.33,1.26,0.26,1.79,0.51,1680.00,success,
rsi-oversold-bounce,DOTUSDT,8h,6,50.00,3.02,0.97,5.63,0.42,3200.00,success,
rsi-oversold-bounce,DOTUSDT,12h,4,75.00,5.15,1.27,10.47,0.31,5040.00,success,
rsi-oversold-bounce,DOTUSDT,1d,5,40.00,0.88,-0.21,-0.81,1.55,13248.00,success,
rsi-oversold-bounce,SUIUSDT,4h,6,33.33,0.70,-0.43,-2.74,1.32,720.00,success,
rsi-oversold-bounce,SUIUSDT,6h,3,33.33,2.25,0.54,4.07,0.23,1080.00,success,
rsi-oversold-bounce,SUIUSDT,8h,2,100.00,Infinity,1.19,24.70,0.00,1200.00,success,
rsi-oversold-bounce,SUIUSDT,12h,2,0.00,0.00,-1.34,-12.47,1.34,6840.00,success,
rsi-oversold-bounce,SUIUSDT,1d,0,0.00,0.00,0.00,0.00,0.00,0.00,no_trades,
rsi-oversold-bounce,XRPUSDT,4h,4,25.00,0.83,-0.11,-0.35,0.41,1140.00,success,
rsi-oversold-bounce,XRPUSDT,6h,2,0.00,0.00,-0.10,-12.99,0.10,2160.00,success,
rsi-oversold-bounce,XRPUSDT,8h,2,100.00,Infinity,0.15,18.25,0.00,4800.00,success,
rsi-oversold-bounce,XRPUSDT,12h,4,50.00,2.68,0.40,4.23,0.25,5760.00,success,
rsi-oversold-bounce,XRPUSDT,1d,1,100.00,Infinity,0.39,0.00,0.00,8640.00,success,
rsi-oversold-bounce,ADAUSDT,4h,4,50.00,0.62,-0.24,-4.54,0.57,900.00,success,
rsi-oversold-bounce,ADAUSDT,6h,3,66.67,5.92,0.32,7.93,0.07,3600.00,success,
rsi-oversold-bounce,ADAUSDT,8h,1,100.00,Infinity,0.23,0.00,0.00,3840.00,success,
rsi-oversold-bounce,ADAUSDT,12h,0,0.00,0.00,0.00,0.00,0.00,0.00,no_trades,
rsi-oversold-bounce,ADAUSDT,1d,0,0.00,0.00,0.00,0.00,0.00,0.00,no_trades,
rsi-oversold-bounce,XLMUSDT,4h,7,71.43,5.27,1.69,11.82,0.25,1200.00,success,
rsi-oversold-bounce,XLMUSDT,6h,9,55.56,2.94,1.66,5.70,0.46,1440.00,success,
rsi-oversold-bounce,XLMUSDT,8h,2,50.00,1.85,0.20,4.89,0.26,1440.00,success,
rsi-oversold-bounce,XLMUSDT,12h,2,50.00,1.14,0.04,2.54,0.38,1080.00,success,
rsi-oversold-bounce,XLMUSDT,1d,3,33.33,1.13,0.01,0.25,0.21,14400.00,success,
rsi-oversold-bounce,XMRUSDT,4h,2,50.00,2.58,0.32,6.25,0.22,1080.00,success,
rsi-oversold-bounce,XMRUSDT,6h,3,33.33,1.21,0.06,-0.18,0.43,840.00,success,
rsi-oversold-bounce,XMRUSDT,8h,0,0.00,0.00,0.00,0.00,0.00,0.00,no_trades,
rsi-oversold-bounce,XMRUSDT,12h,1,0.00,0.00,-0.28,0.00,0.28,2880.00,success,
rsi-oversold-bounce,XMRUSDT,1d,2,50.00,1.17,0.09,0.80,0.59,8640.00,success,
rsi-oversold-bounce,NEARUSDT,4h,11,54.55,2.64,1.31,5.51,0.48,1461.82,success,
rsi-oversold-bounce,NEARUSDT,6h,2,50.00,3.36,0.50,5.97,0.22,720.00,success,
rsi-oversold-bounce,NEARUSDT,8h,0,0.00,0.00,0.00,0.00,0.00,0.00,no_trades,
rsi-oversold-bounce,NEARUSDT,12h,0,0.00,0.00,0.00,0.00,0.00,0.00,no_trades,
rsi-oversold-bounce,NEARUSDT,1d,0,0.00,0.00,0.00,0.00,0.00,0.00,no_trades,
rsi-oversold-bounce,UNIUSDT,4h,5,0.00,0.00,-1.71,-34.38,1.71,1440.00,success,
rsi-oversold-bounce,UNIUSDT,6h,9,22.22,0.63,-0.81,-2.23,1.18,1640.00,success,
rsi-oversold-bounce,UNIUSDT,8h,0,0.00,0.00,0.00,0.00,0.00,0.00,no_trades,
rsi-oversold-bounce,UNIUSDT,12h,0,0.00,0.00,0.00,0.00,0.00,0.00,no_trades,
rsi-oversold-bounce,UNIUSDT,1d,0,0.00,0.00,0.00,0.00,0.00,0.00,no_trades,
rsi-oversold-bounce,HBARUSDT,4h,7,71.43,2.62,1.40,7.43,0.90,1954.29,success,
rsi-oversold-bounce,HBARUSDT,6h,8,37.50,1.08,0.03,-1.18,0.92,2070.00,success,
rsi-oversold-bounce,HBARUSDT,8h,6,66.67,1.80,0.49,3.68,0.66,3200.00,success,
rsi-oversold-bounce,HBARUSDT,12h,2,100.00,Infinity,1.35,55.08,0.00,1440.00,success,
rsi-oversold-bounce,HBARUSDT,1d,0,0.00,0.00,0.00,0.00,0.00,0.00,no_trades,
rsi-oversold-bounce,TRXUSDT,4h,6,33.33,1.08,0.00,0.04,0.27,600.00,success,
rsi-oversold-bounce,TRXUSDT,6h,5,60.00,1.78,0.21,2.88,0.17,1728.00,success,
rsi-oversold-bounce,TRXUSDT,8h,1,100.00,Infinity,1.07,0.00,0.00,2400.00,success,
rsi-oversold-bounce,TRXUSDT,12h,0,0.00,0.00,0.00,0.00,0.00,0.00,no_trades,
rsi-oversold-bounce,TRXUSDT,1d,0,0.00,0.00,0.00,0.00,0.00,0.00,no_trades,
rsi-oversold-bounce,ZECUSDT,4h,2,100.00,Infinity,1.21,33.30,0.00,1800.00,success,
rsi-oversold-bounce,ZECUSDT,6h,3,66.67,5.18,0.89,8.69,0.22,2040.00,success,
rsi-oversold-bounce,ZECUSDT,8h,3,66.67,3.06,0.80,6.12,0.40,3360.00,success,
rsi-oversold-bounce,ZECUSDT,12h,6,66.67,1.21,0.14,0.93,0.84,6360.00,success,
rsi-oversold-bounce,ZECUSDT,1d,1,0.00,0.00,-0.51,0.00,0.51,14400.00,success,
rsi-oversold-bounce,LTCUSDT,4h,1,0.00,0.00,-0.22,0.00,0.22,240.00,success,
rsi-oversold-bounce,LTCUSDT,6h,3,33.33,0.68,-0.15,-5.25,0.42,1440.00,success,
rsi-oversold-bounce,LTCUSDT,8h,2,50.00,0.70,-0.07,-2.36,0.19,3120.00,success,
rsi-oversold-bounce,LTCUSDT,12h,1,0.00,0.00,-0.01,0.00,0.01,2880.00,success,
rsi-oversold-bounce,LTCUSDT,1d,0,0.00,0.00,0.00,0.00,0.00,0.00,no_trades,
rsi-oversold-bounce,AAVEUSDT,4h,3,100.00,Infinity,0.84,23.39,0.00,2400.00,success,
rsi-oversold-bounce,AAVEUSDT,6h,3,66.67,115.02,0.74,10.31,0.01,2640.00,success,
rsi-oversold-bounce,AAVEUSDT,8h,0,0.00,0.00,0.00,0.00,0.00,0.00,no_trades,
rsi-oversold-bounce,AAVEUSDT,12h,0,0.00,0.00,0.00,0.00,0.00,0.00,no_trades,
rsi-oversold-bounce,AAVEUSDT,1d,0,0.00,0.00,0.00,0.00,0.00,0.00,no_trades,
rsi-oversold-bounce,ETCUSDT,4h,5,60.00,1.90,0.52,2.21,0.63,1440.00,success,
rsi-oversold-bounce,ETCUSDT,6h,2,0.00,0.00,-0.24,-11.93,0.24,1260.00,success,
rsi-oversold-bounce,ETCUSDT,8h,2,50.00,2.24,0.29,4.16,0.25,1680.00,success,
rsi-oversold-bounce,ETCUSDT,12h,2,50.00,0.79,-0.10,-1.49,0.42,3240.00,success,
rsi-oversold-bounce,ETCUSDT,1d,1,100.00,Infinity,0.77,0.00,0.00,2880.00,success,
rsi-oversold-bounce,BCHUSDT,4h,1,100.00,Infinity,0.34,0.00,0.00,960.00,success,
rsi-oversold-bounce,BCHUSDT,6h,0,0.00,0.00,0.00,0.00,0.00,0.00,no_trades,
rsi-oversold-bounce,BCHUSDT,8h,0,0.00,0.00,0.00,0.00,0.00,0.00,no_trades,
rsi-oversold-bounce,BCHUSDT,12h,1,100.00,Infinity,0.23,0.00,0.00,1440.00,success,
rsi-oversold-bounce,BCHUSDT,1d,0,0.00,0.00,0.00,0.00,0.00,0.00,no_trades,
rsi-oversold-bounce,DOGEUSDT,4h,4,75.00,4.66,0.72,8.90,0.21,1200.00,success,
rsi-oversold-bounce,DOGEUSDT,6h,3,66.67,3.12,0.45,6.95,0.22,1680.00,success,
rsi-oversold-bounce,DOGEUSDT,8h,0,0.00,0.00,0.00,0.00,0.00,0.00,no_trades,
rsi-oversold-bounce,DOGEUSDT,12h,0,0.00,0.00,0.00,0.00,0.00,0.00,no_trades,
rsi-oversold-bounce,DOGEUSDT,1d,0,0.00,0.00,0.00,0.00,0.00,0.00,no_trades,
connors-rsi2-original,BTCUSDT,4h,0,0.00,0.00,0.00,0.00,0.00,0.00,no_trades,
connors-rsi2-original,BTCUSDT,6h,0,0.00,0.00,0.00,0.00,0.00,0.00,no_trades,
connors-rsi2-original,BTCUSDT,8h,0,0.00,0.00,0.00,0.00,0.00,0.00,no_trades,
connors-rsi2-original,BTCUSDT,12h,0,0.00,0.00,0.00,0.00,0.00,0.00,no_trades,
connors-rsi2-original,BTCUSDT,1d,0,0.00,0.00,0.00,0.00,0.00,0.00,no_trades,
connors-rsi2-original,ETHUSDT,4h,0,0.00,0.00,0.00,0.00,0.00,0.00,no_trades,
connors-rsi2-original,ETHUSDT,6h,0,0.00,0.00,0.00,0.00,0.00,0.00,no_trades,
connors-rsi2-original,ETHUSDT,8h,0,0.00,0.00,0.00,0.00,0.00,0.00,no_trades,
connors-rsi2-original,ETHUSDT,12h,0,0.00,0.00,0.00,0.00,0.00,0.00,no_trades,
connors-rsi2-original,ETHUSDT,1d,0,0.00,0.00,0.00,0.00,0.00,0.00,no_trades,
connors-rsi2-original,SOLUSDT,4h,0,0.00,0.00,0.00,0.00,0.00,0.00,no_trades,
connors-rsi2-original,SOLUSDT,6h,0,0.00,0.00,0.00,0.00,0.00,0.00,no_trades,
connors-rsi2-original,SOLUSDT,8h,0,0.00,0.00,0.00,0.00,0.00,0.00,no_trades,
connors-rsi2-original,SOLUSDT,12h,0,0.00,0.00,0.00,0.00,0.00,0.00,no_trades,
connors-rsi2-original,SOLUSDT,1d,0,0.00,0.00,0.00,0.00,0.00,0.00,no_trades,
connors-rsi2-original,BNBUSDT,4h,0,0.00,0.00,0.00,0.00,0.00,0.00,no_trades,
connors-rsi2-original,BNBUSDT,6h,0,0.00,0.00,0.00,0.00,0.00,0.00,no_trades,
connors-rsi2-original,BNBUSDT,8h,0,0.00,0.00,0.00,0.00,0.00,0.00,no_trades,
connors-rsi2-original,BNBUSDT,12h,0,0.00,0.00,0.00,0.00,0.00,0.00,no_trades,
connors-rsi2-original,BNBUSDT,1d,0,0.00,0.00,0.00,0.00,0.00,0.00,no_trades,
connors-rsi2-original,DOTUSDT,4h,0,0.00,0.00,0.00,0.00,0.00,0.00,no_trades,
connors-rsi2-original,DOTUSDT,6h,0,0.00,0.00,0.00,0.00,0.00,0.00,no_trades,
connors-rsi2-original,DOTUSDT,8h,0,0.00,0.00,0.00,0.00,0.00,0.00,no_trades,
connors-rsi2-original,DOTUSDT,12h,0,0.00,0.00,0.00,0.00,0.00,0.00,no_trades,
connors-rsi2-original,DOTUSDT,1d,3,100.00,Infinity,2.17,195.79,0.00,3360.00,success,
connors-rsi2-original,SUIUSDT,4h,0,0.00,0.00,0.00,0.00,0.00,0.00,no_trades,
connors-rsi2-original,SUIUSDT,6h,0,0.00,0.00,0.00,0.00,0.00,0.00,no_trades,
connors-rsi2-original,SUIUSDT,8h,0,0.00,0.00,0.00,0.00,0.00,0.00,no_trades,
connors-rsi2-original,SUIUSDT,12h,0,0.00,0.00,0.00,0.00,0.00,0.00,no_trades,
connors-rsi2-original,SUIUSDT,1d,0,0.00,0.00,0.00,0.00,0.00,0.00,no_trades,
connors-rsi2-original,XRPUSDT,4h,0,0.00,0.00,0.00,0.00,0.00,0.00,no_trades,
connors-rsi2-original,XRPUSDT,6h,0,0.00,0.00,0.00,0.00,0.00,0.00,no_trades,
connors-rsi2-original,XRPUSDT,8h,0,0.00,0.00,0.00,0.00,0.00,0.00,no_trades,
connors-rsi2-original,XRPUSDT,12h,0,0.00,0.00,0.00,0.00,0.00,0.00,no_trades,
connors-rsi2-original,XRPUSDT,1d,0,0.00,0.00,0.00,0.00,0.00,0.00,no_trades,
connors-rsi2-original,ADAUSDT,4h,0,0.00,0.00,0.00,0.00,0.00,0.00,no_trades,
connors-rsi2-original,ADAUSDT,6h,0,0.00,0.00,0.00,0.00,0.00,0.00,no_trades,
connors-rsi2-original,ADAUSDT,8h,0,0.00,0.00,0.00,0.00,0.00,0.00,no_trades,
connors-rsi2-original,ADAUSDT,12h,0,0.00,0.00,0.00,0.00,0.00,0.00,no_trades,
connors-rsi2-original,ADAUSDT,1d,0,0.00,0.00,0.00,0.00,0.00,0.00,no_trades,
connors-rsi2-original,XLMUSDT,4h,0,0.00,0.00,0.00,0.00,0.00,0.00,no_trades,
connors-rsi2-original,XLMUSDT,6h,0,0.00,0.00,0.00,0.00,0.00,0.00,no_trades,
connors-rsi2-original,XLMUSDT,8h,0,0.00,0.00,0.00,0.00,0.00,0.00,no_trades,
connors-rsi2-original,XLMUSDT,12h,7,28.57,0.33,-0.52,-5.60,0.68,2674.29,success,
connors-rsi2-original,XLMUSDT,1d,0,0.00,0.00,0.00,0.00,0.00,0.00,no_trades,
connors-rsi2-original,XMRUSDT,4h,0,0.00,0.00,0.00,0.00,0.00,0.00,no_trades,
connors-rsi2-original,XMRUSDT,6h,0,0.00,0.00,0.00,0.00,0.00,0.00,no_trades,
connors-rsi2-original,XMRUSDT,8h,0,0.00,0.00,0.00,0.00,0.00,0.00,no_trades,
connors-rsi2-original,XMRUSDT,12h,0,0.00,0.00,0.00,0.00,0.00,0.00,no_trades,
connors-rsi2-original,XMRUSDT,1d,0,0.00,0.00,0.00,0.00,0.00,0.00,no_trades,
connors-rsi2-original,NEARUSDT,4h,0,0.00,0.00,0.00,0.00,0.00,0.00,no_trades,
connors-rsi2-original,NEARUSDT,6h,0,0.00,0.00,0.00,0.00,0.00,0.00,no_trades,
connors-rsi2-original,NEARUSDT,8h,0,0.00,0.00,0.00,0.00,0.00,0.00,no_trades,
connors-rsi2-original,NEARUSDT,12h,0,0.00,0.00,0.00,0.00,0.00,0.00,no_trades,
connors-rsi2-original,NEARUSDT,1d,0,0.00,0.00,0.00,0.00,0.00,0.00,no_trades,
connors-rsi2-original,UNIUSDT,4h,0,0.00,0.00,0.00,0.00,0.00,0.00,no_trades,
connors-rsi2-original,UNIUSDT,6h,0,0.00,0.00,0.00,0.00,0.00,0.00,no_trades,
connors-rsi2-original,UNIUSDT,8h,0,0.00,0.00,0.00,0.00,0.00,0.00,no_trades,
connors-rsi2-original,UNIUSDT,12h,0,0.00,0.00,0.00,0.00,0.00,0.00,no_trades,
connors-rsi2-original,UNIUSDT,1d,0,0.00,0.00,0.00,0.00,0.00,0.00,no_trades,
connors-rsi2-original,HBARUSDT,4h,0,0.00,0.00,0.00,0.00,0.00,0.00,no_trades,
connors-rsi2-original,HBARUSDT,6h,0,0.00,0.00,0.00,0.00,0.00,0.00,no_trades,
connors-rsi2-original,HBARUSDT,8h,0,0.00,0.00,0.00,0.00,0.00,0.00,no_trades,
connors-rsi2-original,HBARUSDT,12h,0,0.00,0.00,0.00,0.00,0.00,0.00,no_trades,
connors-rsi2-original,HBARUSDT,1d,0,0.00,0.00,0.00,0.00,0.00,0.00,no_trades,
connors-rsi2-original,TRXUSDT,4h,0,0.00,0.00,0.00,0.00,0.00,0.00,no_trades,
connors-rsi2-original,TRXUSDT,6h,0,0.00,0.00,0.00,0.00,0.00,0.00,no_trades,
connors-rsi2-original,TRXUSDT,8h,0,0.00,0.00,0.00,0.00,0.00,0.00,no_trades,
connors-rsi2-original,TRXUSDT,12h,0,0.00,0.00,0.00,0.00,0.00,0.00,no_trades,
connors-rsi2-original,TRXUSDT,1d,0,0.00,0.00,0.00,0.00,0.00,0.00,no_trades,
connors-rsi2-original,ZECUSDT,4h,0,0.00,0.00,0.00,0.00,0.00,0.00,no_trades,
connors-rsi2-original,ZECUSDT,6h,0,0.00,0.00,0.00,0.00,0.00,0.00,no_trades,
connors-rsi2-original,ZECUSDT,8h,0,0.00,0.00,0.00,0.00,0.00,0.00,no_trades,
connors-rsi2-original,ZECUSDT,12h,0,0.00,0.00,0.00,0.00,0.00,0.00,no_trades,
connors-rsi2-original,ZECUSDT,1d,0,0.00,0.00,0.00,0.00,0.00,0.00,no_trades,
connors-rsi2-original,LTCUSDT,4h,0,0.00,0.00,0.00,0.00,0.00,0.00,no_trades,
connors-rsi2-original,LTCUSDT,6h,0,0.00,0.00,0.00,0.00,0.00,0.00,no_trades,
connors-rsi2-original,LTCUSDT,8h,0,0.00,0.00,0.00,0.00,0.00,0.00,no_trades,
connors-rsi2-original,LTCUSDT,12h,0,0.00,0.00,0.00,0.00,0.00,0.00,no_trades,
connors-rsi2-original,LTCUSDT,1d,0,0.00,0.00,0.00,0.00,0.00,0.00,no_trades,
connors-rsi2-original,AAVEUSDT,4h,0,0.00,0.00,0.00,0.00,0.00,0.00,no_trades,
connors-rsi2-original,AAVEUSDT,6h,0,0.00,0.00,0.00,0.00,0.00,0.00,no_trades,
connors-rsi2-original,AAVEUSDT,8h,0,0.00,0.00,0.00,0.00,0.00,0.00,no_trades,
connors-rsi2-original,AAVEUSDT,12h,0,0.00,0.00,0.00,0.00,0.00,0.00,no_trades,
connors-rsi2-original,AAVEUSDT,1d,0,0.00,0.00,0.00,0.00,0.00,0.00,no_trades,
connors-rsi2-original,ETCUSDT,4h,0,0.00,0.00,0.00,0.00,0.00,0.00,no_trades,
connors-rsi2-original,ETCUSDT,6h,0,0.00,0.00,0.00,0.00,0.00,0.00,no_trades,
connors-rsi2-original,ETCUSDT,8h,0,0.00,0.00,0.00,0.00,0.00,0.00,no_trades,
connors-rsi2-original,ETCUSDT,12h,0,0.00,0.00,0.00,0.00,0.00,0.00,no_trades,
connors-rsi2-original,ETCUSDT,1d,0,0.00,0.00,0.00,0.00,0.00,0.00,no_trades,
connors-rsi2-original,BCHUSDT,4h,0,0.00,0.00,0.00,0.00,0.00,0.00,no_trades,
connors-rsi2-original,BCHUSDT,6h,0,0.00,0.00,0.00,0.00,0.00,0.00,no_trades,
connors-rsi2-original,BCHUSDT,8h,0,0.00,0.00,0.00,0.00,0.00,0.00,no_trades,
connors-rsi2-original,BCHUSDT,12h,0,0.00,0.00,0.00,0.00,0.00,0.00,no_trades,
connors-rsi2-original,BCHUSDT,1d,0,0.00,0.00,0.00,0.00,0.00,0.00,no_trades,
connors-rsi2-original,DOGEUSDT,4h,0,0.00,0.00,0.00,0.00,0.00,0.00,no_trades,
connors-rsi2-original,DOGEUSDT,6h,0,0.00,0.00,0.00,0.00,0.00,0.00,no_trades,
connors-rsi2-original,DOGEUSDT,8h,0,0.00,0.00,0.00,0.00,0.00,0.00,no_trades,
connors-rsi2-original,DOGEUSDT,12h,0,0.00,0.00,0.00,0.00,0.00,0.00,no_trades,
connors-rsi2-original,DOGEUSDT,1d,0,0.00,0.00,0.00,0.00,0.00,0.00,no_trades,
rsi-sma-filter,BTCUSDT,4h,17,52.94,1.60,1.41,2.64,1.18,2470.59,success,
rsi-sma-filter,BTCUSDT,6h,13,76.92,2.34,1.64,6.23,1.31,4236.92,success,
rsi-sma-filter,BTCUSDT,8h,4,50.00,1.53,0.17,3.75,0.40,8520.00,success,
rsi-sma-filter,BTCUSDT,12h,5,100.00,Infinity,1.49,34.14,0.00,2736.00,success,
rsi-sma-filter,BTCUSDT,1d,6,33.33,0.87,-0.16,-0.90,1.02,6240.00,success,
rsi-sma-filter,ETHUSDT,4h,33,60.61,1.42,2.07,2.32,1.88,3970.91,success,
rsi-sma-filter,ETHUSDT,6h,29,82.76,8.18,6.53,10.46,0.92,6579.31,success,
rsi-sma-filter,ETHUSDT,8h,19,89.47,19.30,5.85,14.31,0.32,9877.89,success,
rsi-sma-filter,ETHUSDT,12h,13,92.31,6.71,4.52,12.56,0.78,6369.23,success,
rsi-sma-filter,ETHUSDT,1d,10,80.00,4.17,2.66,10.16,0.85,33120.00,success,
rsi-sma-filter,SOLUSDT,4h,19,36.84,0.47,-5.43,-3.60,8.08,2652.63,success,
rsi-sma-filter,SOLUSDT,6h,23,60.87,1.17,0.69,0.44,2.93,5791.30,success,
rsi-sma-filter,SOLUSDT,8h,19,47.37,0.28,-5.00,-5.68,5.00,8614.74,success,
rsi-sma-filter,SOLUSDT,12h,13,76.92,6.51,5.28,14.15,0.94,9803.08,success,
rsi-sma-filter,SOLUSDT,1d,5,80.00,13.45,1.14,18.20,0.10,27360.00,success,
rsi-sma-filter,BNBUSDT,4h,21,57.14,0.87,-0.76,-0.77,4.17,6217.14,success,
rsi-sma-filter,BNBUSDT,6h,10,20.00,0.28,-2.11,-8.86,2.86,14004.00,success,
rsi-sma-filter,BNBUSDT,8h,5,60.00,2.35,0.23,2.66,0.21,12672.00,success,
rsi-sma-filter,BNBUSDT,12h,6,16.67,0.08,-1.76,-14.28,1.91,13320.00,success,
rsi-sma-filter,BNBUSDT,1d,2,100.00,Infinity,2.21,98.24,0.00,15120.00,success,
rsi-sma-filter,DOTUSDT,4h,23,86.96,16.10,10.06,15.53,0.64,3266.09,success,
rsi-sma-filter,DOTUSDT,6h,27,66.67,1.17,1.03,2.03,4.94,4466.67,success,
rsi-sma-filter,DOTUSDT,8h,24,58.33,0.59,-4.23,-3.77,9.75,6540.00,success,
rsi-sma-filter,DOTUSDT,12h,13,69.23,3.30,3.83,9.55,1.66,12406.15,success,
rsi-sma-filter,DOTUSDT,1d,8,87.50,10.04,4.95,18.96,0.53,12240.00,success,
rsi-sma-filter,SUIUSDT,4h,12,66.67,0.83,-0.69,-1.74,3.43,2740.00,success,
rsi-sma-filter,SUIUSDT,6h,15,93.33,12.56,7.91,16.03,0.65,2520.00,success,
rsi-sma-filter,SUIUSDT,8h,18,66.67,1.01,-0.04,2.07,8.34,5066.67,success,
rsi-sma-filter,SUIUSDT,12h,14,35.71,0.43,-4.55,-5.89,6.63,2417.14,success,
rsi-sma-filter,SUIUSDT,1d,3,100.00,Infinity,1.08,31.92,0.00,25920.00,success,
rsi-sma-filter,XRPUSDT,4h,31,67.74,0.97,-0.41,0.17,3.98,3847.74,success,
rsi-sma-filter,XRPUSDT,6h,17,47.06,0.98,-0.20,0.60,1.99,4595.29,success,
rsi-sma-filter,XRPUSDT,8h,10,30.00,0.11,-7.45,-14.32,8.28,3792.00,success,
rsi-sma-filter,XRPUSDT,12h,6,50.00,0.49,-1.99,-3.23,3.80,5040.00,success,
rsi-sma-filter,XRPUSDT,1d,2,100.00,Infinity,1.12,102.57,0.00,12240.00,success,
rsi-sma-filter,ADAUSDT,4h,18,83.33,3.90,5.78,10.07,1.57,2546.67,success,
rsi-sma-filter,ADAUSDT,6h,17,76.47,2.10,3.28,5.61,2.35,4023.53,success,
rsi-sma-filter,ADAUSDT,8h,19,78.95,1.22,1.29,1.68,5.62,6694.74,success,
rsi-sma-filter,ADAUSDT,12h,5,100.00,Infinity,3.54,26.01,0.00,9072.00,success,
rsi-sma-filter,ADAUSDT,1d,9,77.78,388.25,27.69,20.99,0.07,30720.00,success,
rsi-sma-filter,XLMUSDT,4h,8,62.50,6.33,2.62,11.58,0.51,3810.00,success,
rsi-sma-filter,XLMUSDT,6h,7,71.43,2.24,1.85,5.69,1.51,2931.43,success,
rsi-sma-filter,XLMUSDT,8h,2,50.00,0.92,-0.11,1.52,1.16,5280.00,success,
rsi-sma-filter,XLMUSDT,12h,7,85.71,9.37,2.26,13.65,0.27,9360.00,success,
rsi-sma-filter,XLMUSDT,1d,2,50.00,0.48,-0.75,-3.95,1.42,9360.00,success,
rsi-sma-filter,XMRUSDT,4h,5,40.00,0.84,-0.15,0.73,0.76,4560.00,success,
rsi-sma-filter,XMRUSDT,6h,10,20.00,0.50,-1.11,-3.75,2.14,8676.00,success,
rsi-sma-filter,XMRUSDT,8h,8,12.50,0.15,-3.98,-10.94,4.41,5700.00,success,
rsi-sma-filter,XMRUSDT,12h,1,100.00,Infinity,0.61,0.00,0.00,10800.00,success,
rsi-sma-filter,XMRUSDT,1d,1,100.00,Infinity,0.17,0.00,0.00,21600.00,success,
rsi-sma-filter,NEARUSDT,4h,24,37.50,0.43,-5.63,-4.11,6.92,3020.00,success,
rsi-sma-filter,NEARUSDT,6h,33,45.45,0.78,-2.14,-1.08,3.92,4330.91,success,
rsi-sma-filter,NEARUSDT,8h,36,66.67,1.48,2.52,1.98,3.52,6240.00,success,
rsi-sma-filter,NEARUSDT,12h,12,100.00,Infinity,7.08,26.86,0.00,8340.00,success,
rsi-sma-filter,NEARUSDT,1d,7,100.00,Infinity,5.35,25.86,0.00,16457.14,success,
rsi-sma-filter,UNIUSDT,4h,28,85.71,9.06,10.46,13.88,0.70,2871.43,success,
rsi-sma-filter,UNIUSDT,6h,19,73.68,2.70,6.64,7.97,2.17,4092.63,success,
rsi-sma-filter,UNIUSDT,8h,11,63.64,0.62,-4.22,-3.26,10.20,4101.82,success,
rsi-sma-filter,UNIUSDT,12h,13,46.15,0.92,-0.43,-0.46,2.37,11852.31,success,
rsi-sma-filter,UNIUSDT,1d,5,60.00,0.84,-0.52,-0.85,2.94,27360.00,success,
rsi-sma-filter,HBARUSDT,4h,21,23.81,0.23,-5.80,-7.57,6.30,3828.57,success,
rsi-sma-filter,HBARUSDT,6h,23,65.22,1.34,2.11,0.59,4.61,4226.09,success,
rsi-sma-filter,HBARUSDT,8h,10,80.00,2.13,2.74,6.81,2.42,4272.00,success,
rsi-sma-filter,HBARUSDT,12h,7,71.43,1.19,0.48,1.10,2.13,12754.29,success,
rsi-sma-filter,HBARUSDT,1d,4,0.00,0.00,-7.33,-60.07,7.33,4320.00,success,
rsi-sma-filter,TRXUSDT,4h,42,83.33,3.40,4.79,6.14,1.51,3382.86,success,
rsi-sma-filter,TRXUSDT,6h,37,48.65,0.62,-2.23,-3.14,3.89,5711.35,success,
rsi-sma-filter,TRXUSDT,8h,30,33.33,0.10,-11.72,-14.15,12.22,8640.00,success,
rsi-sma-filter,TRXUSDT,12h,18,44.44,0.86,-0.62,-0.32,3.42,15760.00,success,
rsi-sma-filter,TRXUSDT,1d,2,100.00,Infinity,0.83,15.80,0.00,15120.00,success,
rsi-sma-filter,ZECUSDT,4h,21,80.95,7.11,9.66,11.93,1.28,1497.14,success,
rsi-sma-filter,ZECUSDT,6h,13,30.77,0.40,-5.17,-5.83,8.22,8446.15,success,
rsi-sma-filter,ZECUSDT,8h,19,36.84,0.58,-3.84,-3.56,8.72,9094.74,success,
rsi-sma-filter,ZECUSDT,12h,22,45.45,1.17,1.16,0.95,7.58,13156.36,success,
rsi-sma-filter,ZECUSDT,1d,4,100.00,Infinity,2.37,94.71,0.00,23400.00,success,
rsi-sma-filter,LTCUSDT,4h,17,41.18,1.52,1.18,3.84,2.22,3190.59,success,
rsi-sma-filter,LTCUSDT,6h,7,85.71,266.46,2.22,8.67,0.02,8588.57,success,
rsi-sma-filter,LTCUSDT,8h,8,62.50,4.60,1.61,8.26,0.47,7980.00,success,
rsi-sma-filter,LTCUSDT,12h,1,100.00,Infinity,1.85,0.00,0.00,7920.00,success,
rsi-sma-filter,LTCUSDT,1d,0,0.00,0.00,0.00,0.00,0.00,0.00,no_trades,
rsi-sma-filter,AAVEUSDT,4h,24,41.67,1.14,0.56,0.19,4.24,4360.00,success,
rsi-sma-filter,AAVEUSDT,6h,16,62.50,0.97,-0.23,0.39,4.02,7650.00,success,
rsi-sma-filter,AAVEUSDT,8h,17,64.71,1.64,1.61,4.56,1.41,6945.88,success,
rsi-sma-filter,AAVEUSDT,12h,6,66.67,7.80,2.74,10.01,0.41,10800.00,success,
rsi-sma-filter,AAVEUSDT,1d,4,0.00,0.00,-12.04,-158.58,12.04,44640.00,success,
rsi-sma-filter,ETCUSDT,4h,46,54.35,1.97,5.19,3.47,2.95,3777.39,success,
rsi-sma-filter,ETCUSDT,6h,23,73.91,5.91,5.93,9.13,0.70,6198.26,success,
rsi-sma-filter,ETCUSDT,8h,21,76.19,7.36,6.51,10.69,0.75,8960.00,success,
rsi-sma-filter,ETCUSDT,12h,4,100.00,Infinity,2.61,22.60,0.00,9540.00,success,
rsi-sma-filter,ETCUSDT,1d,3,66.67,4.09,1.24,9.18,0.41,14400.00,success,
rsi-sma-filter,BCHUSDT,4h,19,47.37,0.62,-1.20,-2.07,2.56,4762.11,success,
rsi-sma-filter,BCHUSDT,6h,19,68.42,1.67,1.85,1.99,1.62,6783.16,success,
rsi-sma-filter,BCHUSDT,8h,8,50.00,1.13,0.15,-0.24,1.23,13080.00,success,
rsi-sma-filter,BCHUSDT,12h,5,100.00,Infinity,5.01,47.72,0.00,8208.00,success,
rsi-sma-filter,BCHUSDT,1d,4,0.00,0.00,-6.75,-371.76,6.75,22320.00,success,
rsi-sma-filter,DOGEUSDT,4h,27,51.85,1.80,2.58,5.16,2.73,3484.44,success,
rsi-sma-filter,DOGEUSDT,6h,35,54.29,1.36,2.34,2.50,2.94,5101.71,success,
rsi-sma-filter,DOGEUSDT,8h,24,66.67,1.32,1.09,0.61,3.89,7320.00,success,
rsi-sma-filter,DOGEUSDT,12h,9,88.89,8.72,5.89,14.75,0.73,9440.00,success,
rsi-sma-filter,DOGEUSDT,1d,9,66.67,1.10,0.33,0.60,3.78,21120.00,success,
mfi-divergence,BTCUSDT,4h,120,38.33,0.54,-14.07,-3.79,14.44,7806.00,success,
mfi-divergence,BTCUSDT,6h,89,47.19,0.70,-7.61,-2.08,9.69,12159.10,success,
mfi-divergence,BTCUSDT,8h,62,46.77,0.82,-3.38,-0.79,6.47,10776.77,success,
mfi-divergence,BTCUSDT,12h,28,46.43,2.16,5.65,3.56,2.63,16585.71,success,
mfi-divergence,BTCUSDT,1d,9,44.44,1.10,0.28,-0.72,2.72,32960.00,success,
mfi-divergence,ETHUSDT,4h,113,43.36,0.68,-13.18,-2.56,16.08,9111.50,success,
mfi-divergence,ETHUSDT,6h,74,48.65,1.02,-0.06,0.15,6.76,12877.30,success,
mfi-divergence,ETHUSDT,8h,45,46.67,1.39,5.61,1.30,6.63,15562.67,success,
mfi-divergence,ETHUSDT,12h,31,38.71,0.91,-1.35,-0.47,7.70,19927.74,success,
mfi-divergence,ETHUSDT,1d,11,45.45,2.84,5.37,5.74,1.11,27752.73,success,
mfi-divergence,SOLUSDT,4h,108,37.96,0.83,-7.50,-1.25,13.64,6893.33,success,
mfi-divergence,SOLUSDT,6h,66,39.39,0.83,-5.30,-1.30,12.72,7930.91,success,
mfi-divergence,SOLUSDT,8h,40,47.50,1.00,-0.33,0.44,5.28,14952.00,success,
mfi-divergence,SOLUSDT,12h,34,58.82,1.66,9.41,3.52,6.02,26068.24,success,
mfi-divergence,SOLUSDT,1d,12,41.67,0.67,-3.60,-2.30,9.07,51840.00,success,
mfi-divergence,BNBUSDT,4h,106,38.68,0.65,-9.97,-2.62,12.40,7870.19,success,
mfi-divergence,BNBUSDT,6h,57,49.12,1.21,2.63,1.38,4.03,12366.32,success,
mfi-divergence,BNBUSDT,8h,47,46.81,2.20,10.80,3.56,3.94,21242.55,success,
mfi-divergence,BNBUSDT,12h,38,39.47,0.97,-0.65,0.22,3.71,26298.95,success,
mfi-divergence,BNBUSDT,1d,9,11.11,0.43,-0.90,-4.21,1.53,13120.00,success,
mfi-divergence,DOTUSDT,4h,121,44.63,0.94,-3.09,-0.60,15.92,7531.24,success,
mfi-divergence,DOTUSDT,6h,77,40.26,0.78,-7.46,-1.84,11.02,11267.53,success,
mfi-divergence,DOTUSDT,8h,50,44.00,0.49,-15.09,-4.97,16.62,22262.40,success,
mfi-divergence,DOTUSDT,12h,25,36.00,0.56,-6.40,-3.25,7.05,28224.00,success,
mfi-divergence,DOTUSDT,1d,16,68.75,2.88,14.80,6.98,5.70,51930.00,success,
mfi-divergence,SUIUSDT,4h,110,35.45,0.60,-21.21,-3.19,22.50,9669.82,success,
mfi-divergence,SUIUSDT,6h,58,44.83,0.84,-4.86,-0.98,9.54,13394.48,success,
mfi-divergence,SUIUSDT,8h,37,40.54,1.42,10.07,1.84,7.21,23792.43,success,
mfi-divergence,SUIUSDT,12h,34,52.94,1.91,11.52,4.10,5.11,22425.88,success,
mfi-divergence,SUIUSDT,1d,13,53.85,3.00,14.11,6.75,3.82,57267.69,success,
mfi-divergence,XRPUSDT,4h,108,39.81,0.65,-14.44,-2.73,15.36,9833.33,success,
mfi-divergence,XRPUSDT,6h,70,54.29,1.20,4.09,0.51,11.42,13700.57,success,
mfi-divergence,XRPUSDT,8h,54,37.04,0.46,-14.91,-4.74,16.04,18248.89,success,
mfi-divergence,XRPUSDT,12h,26,53.85,1.50,6.22,1.02,7.43,30793.85,success,
mfi-divergence,XRPUSDT,1d,13,69.23,5.27,7.80,9.00,1.53,69452.31,success,
mfi-divergence,ADAUSDT,4h,109,35.78,0.79,-9.35,-1.23,13.74,8888.81,success,
mfi-divergence,ADAUSDT,6h,81,48.15,1.51,13.23,2.43,8.62,11853.33,success,
mfi-divergence,ADAUSDT,8h,52,55.77,1.66,13.97,3.00,6.92,20621.54,success,
mfi-divergence,ADAUSDT,12h,26,38.46,0.88,-1.79,-0.77,4.28,47021.54,success,
mfi-divergence,ADAUSDT,1d,14,57.14,3.35,12.27,7.99,1.90,49474.29,success,
mfi-divergence,XLMUSDT,4h,112,56.25,1.68,19.89,3.67,6.31,8978.57,success,
mfi-divergence,XLMUSDT,6h,72,45.83,0.86,-4.43,-0.76,8.39,10415.00,success,
mfi-divergence,XLMUSDT,8h,57,45.61,1.01,-0.15,-0.60,13.31,26795.79,success,
mfi-divergence,XLMUSDT,12h,24,58.33,3.27,13.55,6.51,2.84,56310.00,success,
mfi-divergence,XLMUSDT,1d,13,61.54,1.98,6.96,5.03,4.04,89169.23,success,
mfi-divergence,XMRUSDT,4h,62,50.00,1.16,2.13,1.21,5.88,12212.90,success,
mfi-divergence,XMRUSDT,6h,46,41.30,0.72,-4.83,-1.32,10.02,14775.65,success,
mfi-divergence,XMRUSDT,8h,38,39.47,0.80,-2.89,-1.80,7.44,13098.95,success,
mfi-divergence,XMRUSDT,12h,31,51.61,1.33,3.16,1.27,3.41,19858.06,success,
mfi-divergence,XMRUSDT,1d,17,29.41,0.15,-8.98,-10.50,8.98,44809.41,success,
mfi-divergence,NEARUSDT,4h,112,42.86,1.03,0.54,-0.29,8.77,6908.57,success,
mfi-divergence,NEARUSDT,6h,67,35.82,0.55,-17.26,-3.68,21.09,13599.40,success,
mfi-divergence,NEARUSDT,8h,57,38.60,0.48,-20.21,-4.75,22.25,16867.37,success,
mfi-divergence,NEARUSDT,12h,28,42.86,0.42,-14.07,-4.81,14.07,33068.57,success,
mfi-divergence,NEARUSDT,1d,16,68.75,2.23,11.66,5.68,7.23,56340.00,success,
mfi-divergence,UNIUSDT,4h,86,51.16,2.06,32.37,4.16,5.62,9627.91,success,
mfi-divergence,UNIUSDT,6h,62,51.61,1.11,3.11,0.67,9.85,13552.26,success,
mfi-divergence,UNIUSDT,8h,45,44.44,0.91,-2.18,-0.75,10.88,16629.33,success,
mfi-divergence,UNIUSDT,12h,28,50.00,0.99,-0.39,0.02,10.94,32348.57,success,
mfi-divergence,UNIUSDT,1d,13,23.08,0.43,-8.25,-3.96,12.75,61033.85,success,
mfi-divergence,HBARUSDT,4h,124,39.52,0.61,-18.27,-2.90,21.55,6567.10,success,
mfi-divergence,HBARUSDT,6h,90,47.78,0.71,-14.56,-2.24,21.09,13836.00,success,
mfi-divergence,HBARUSDT,8h,48,37.50,0.92,-2.42,-0.72,8.97,14370.00,success,
mfi-divergence,HBARUSDT,12h,28,39.29,0.90,-1.59,-0.60,7.41,25740.00,success,
mfi-divergence,HBARUSDT,1d,14,50.00,0.64,-4.48,-2.94,7.25,30754.29,success,
mfi-divergence,TRXUSDT,4h,107,51.40,1.06,0.47,0.15,9.16,8530.09,success,
mfi-divergence,TRXUSDT,6h,76,44.74,1.14,1.32,0.84,3.72,8028.95,success,
mfi-divergence,TRXUSDT,8h,44,40.91,0.81,-2.43,-1.13,5.88,11509.09,success,
mfi-divergence,TRXUSDT,12h,32,50.00,2.45,9.66,5.13,2.07,26707.50,success,
mfi-divergence,TRXUSDT,1d,17,29.41,0.58,-2.61,-3.78,3.38,38541.18,success,
mfi-divergence,ZECUSDT,4h,100,38.00,0.76,-11.08,-1.54,17.58,7468.80,success,
mfi-divergence,ZECUSDT,6h,77,45.45,1.08,2.35,0.29,8.94,9869.61,success,
mfi-divergence,ZECUSDT,8h,46,56.52,1.30,7.73,2.00,7.05,21829.57,success,
mfi-divergence,ZECUSDT,12h,31,38.71,0.76,-5.18,-1.77,11.77,25873.55,success,
mfi-divergence,ZECUSDT,1d,18,50.00,1.31,4.99,2.14,12.13,48800.00,success,
mfi-divergence,LTCUSDT,4h,104,43.27,0.68,-11.10,-2.08,11.35,11088.46,success,
mfi-divergence,LTCUSDT,6h,66,34.85,0.59,-10.73,-2.43,12.38,14263.64,success,
mfi-divergence,LTCUSDT,8h,45,51.11,0.98,-0.55,0.02,4.95,28458.67,success,
mfi-divergence,LTCUSDT,12h,16,56.25,1.93,6.67,4.79,2.78,53775.00,success,
mfi-divergence,LTCUSDT,1d,8,50.00,3.93,5.26,8.29,1.31,57780.00,success,
mfi-divergence,AAVEUSDT,4h,113,40.71,0.67,-19.10,-2.64,22.29,8302.30,success,
mfi-divergence,AAVEUSDT,6h,66,31.82,0.47,-18.74,-5.09,21.77,11252.73,success,
mfi-divergence,AAVEUSDT,8h,51,50.98,1.53,11.42,2.74,6.25,14616.47,success,
mfi-divergence,AAVEUSDT,12h,27,48.15,1.06,0.72,0.42,5.28,32213.33,success,
mfi-divergence,AAVEUSDT,1d,12,33.33,0.24,-11.15,-7.40,12.08,30480.00,success,
mfi-divergence,ETCUSDT,4h,103,51.46,1.48,11.52,1.84,5.19,8486.21,success,
mfi-divergence,ETCUSDT,6h,67,44.78,0.89,-2.87,-1.16,6.80,11278.21,success,
mfi-divergence,ETCUSDT,8h,41,41.46,0.55,-10.79,-3.83,17.47,29642.93,success,
mfi-divergence,ETCUSDT,12h,20,50.00,0.81,-2.04,-1.48,4.62,28764.00,success,
mfi-divergence,ETCUSDT,1d,8,50.00,3.19,5.56,6.32,2.27,64980.00,success,
mfi-divergence,BCHUSDT,4h,101,48.51,1.50,13.27,2.21,5.03,9274.46,success,
mfi-divergence,BCHUSDT,6h,60,43.33,0.70,-7.64,-2.12,12.76,11928.00,success,
mfi-divergence,BCHUSDT,8h,46,47.83,0.65,-7.82,-2.43,13.33,18542.61,success,
mfi-divergence,BCHUSDT,12h,26,42.31,0.64,-6.47,-2.61,12.09,29409.23,success,
mfi-divergence,BCHUSDT,1d,10,40.00,1.11,1.11,0.83,10.23,92160.00,success,
mfi-divergence,DOGEUSDT,4h,101,49.50,1.31,8.30,1.75,8.63,6453.86,success,
mfi-divergence,DOGEUSDT,6h,64,39.06,0.63,-16.04,-2.44,17.57,13095.00,success,
mfi-divergence,DOGEUSDT,8h,58,50.00,1.02,0.30,0.12,9.92,14383.45,success,
mfi-divergence,DOGEUSDT,12h,35,54.29,1.26,4.40,1.53,5.77,33387.43,success,
mfi-divergence,DOGEUSDT,1d,11,45.45,0.80,-1.97,-1.21,9.34,39927.27,success,
chaikin-money-flow,BTCUSDT,4h,131,41.22,0.91,-2.20,-1.04,4.78,2660.15,success,
chaikin-money-flow,BTCUSDT,6h,84,28.57,1.03,-0.24,-0.24,4.10,4525.71,success,
chaikin-money-flow,BTCUSDT,8h,56,41.07,0.95,-0.77,-0.47,3.49,4517.14,success,
chaikin-money-flow,BTCUSDT,12h,39,38.46,2.37,7.84,2.64,2.50,10338.46,success,
chaikin-money-flow,BTCUSDT,1d,25,32.00,1.60,3.20,1.14,3.99,19353.60,success,
chaikin-money-flow,ETHUSDT,4h,126,46.83,1.47,5.44,2.26,2.09,3222.86,success,
chaikin-money-flow,ETHUSDT,6h,90,50.00,1.20,2.07,0.81,5.32,6276.00,success,
chaikin-money-flow,ETHUSDT,8h,74,28.38,1.25,3.15,0.15,8.54,5649.73,success,
chaikin-money-flow,ETHUSDT,12h,52,42.31,2.20,17.90,2.90,9.51,13984.62,success,
chaikin-money-flow,ETHUSDT,1d,30,30.00,0.73,-3.64,-2.14,11.05,16656.00,success,
chaikin-money-flow,SOLUSDT,4h,141,34.04,0.58,-11.97,-2.62,13.58,2253.62,success,
chaikin-money-flow,SOLUSDT,6h,108,29.63,0.72,-8.15,-2.17,13.91,4680.00,success,
chaikin-money-flow,SOLUSDT,8h,72,43.06,1.23,3.08,0.64,5.41,6386.67,success,
chaikin-money-flow,SOLUSDT,12h,52,30.77,1.08,1.22,0.38,7.13,9650.77,success,
chaikin-money-flow,SOLUSDT,1d,27,48.15,2.75,14.65,4.31,3.36,22026.67,success,
chaikin-money-flow,BNBUSDT,4h,144,42.36,1.39,5.57,1.64,5.28,3550.00,success,
chaikin-money-flow,BNBUSDT,6h,107,32.71,0.90,-2.70,-0.41,7.55,5585.05,success,
chaikin-money-flow,BNBUSDT,8h,80,52.50,1.07,0.08,0.04,2.66,9288.00,success,
chaikin-money-flow,BNBUSDT,12h,51,33.33,0.86,-1.51,-1.65,4.70,12155.29,success,
chaikin-money-flow,BNBUSDT,1d,35,37.14,0.46,-5.12,-6.35,7.02,16416.00,success,
chaikin-money-flow,DOTUSDT,4h,138,40.58,1.04,0.01,-0.01,8.21,3492.17,success,
chaikin-money-flow,DOTUSDT,6h,89,32.58,0.99,-0.82,0.04,7.64,4012.58,success,
chaikin-money-flow,DOTUSDT,8h,75,49.33,1.41,4.77,1.92,4.63,8601.60,success,
chaikin-money-flow,DOTUSDT,12h,38,42.11,1.06,0.33,-0.35,5.95,10193.68,success,
chaikin-money-flow,DOTUSDT,1d,31,25.81,1.81,6.49,2.49,4.42,15468.39,success,
chaikin-money-flow,SUIUSDT,4h,127,31.50,1.01,-0.61,0.26,7.23,2834.65,success,
chaikin-money-flow,SUIUSDT,6h,87,41.38,1.15,2.77,-0.02,7.39,4001.38,success,
chaikin-money-flow,SUIUSDT,8h,60,41.67,0.92,-1.70,-0.60,7.10,4464.00,success,
chaikin-money-flow,SUIUSDT,12h,38,42.11,3.07,29.06,5.18,6.02,12770.53,success,
chaikin-money-flow,SUIUSDT,1d,22,22.73,0.94,-0.71,-0.19,6.50,16887.27,success,
chaikin-money-flow,XRPUSDT,4h,150,39.33,0.90,-3.34,-0.43,6.95,3369.60,success,
chaikin-money-flow,XRPUSDT,6h,118,33.90,0.72,-7.11,-2.03,9.79,5064.41,success,
chaikin-money-flow,XRPUSDT,8h,67,34.33,0.75,-4.01,-1.68,5.78,4742.69,success,
chaikin-money-flow,XRPUSDT,12h,51,41.18,1.36,3.54,0.95,6.41,11336.47,success,
chaikin-money-flow,XRPUSDT,1d,24,54.17,3.17,12.64,6.52,1.84,23640.00,success,
chaikin-money-flow,ADAUSDT,4h,120,40.00,0.65,-9.14,-2.78,12.79,2928.00,success,
chaikin-money-flow,ADAUSDT,6h,99,31.31,0.35,-14.82,-6.32,16.51,4127.27,success,
chaikin-money-flow,ADAUSDT,8h,64,39.06,1.13,1.03,0.35,4.13,6322.50,success,
chaikin-money-flow,ADAUSDT,12h,59,25.42,0.20,-18.76,-9.30,18.76,6004.07,success,
chaikin-money-flow,ADAUSDT,1d,22,36.36,1.59,3.29,2.07,1.75,9294.55,success,
chaikin-money-flow,XLMUSDT,4h,145,37.24,0.86,-4.72,-0.61,12.00,2808.83,success,
chaikin-money-flow,XLMUSDT,6h,92,32.61,0.48,-12.59,-3.82,14.99,4781.74,success,
chaikin-money-flow,XLMUSDT,8h,61,44.26,0.80,-2.30,-1.21,2.93,5523.93,success,
chaikin-money-flow,XLMUSDT,12h,57,28.07,0.42,-10.88,-5.25,11.02,8703.16,success,
chaikin-money-flow,XLMUSDT,1d,37,32.43,1.66,6.01,2.15,3.07,15567.57,success,
chaikin-money-flow,XMRUSDT,4h,114,35.96,0.89,-2.54,-0.91,7.74,2951.58,success,
chaikin-money-flow,XMRUSDT,6h,77,41.56,1.50,5.20,0.99,4.89,5568.31,success,
chaikin-money-flow,XMRUSDT,8h,63,39.68,2.29,9.59,2.73,2.58,4784.76,success,
chaikin-money-flow,XMRUSDT,12h,41,56.10,0.85,-1.60,-1.38,3.09,11116.10,success,
chaikin-money-flow,XMRUSDT,1d,18,61.11,6.85,4.36,10.00,0.31,16800.00,success,
chaikin-money-flow,NEARUSDT,4h,118,45.76,1.52,11.19,2.00,5.38,2747.80,success,
chaikin-money-flow,NEARUSDT,6h,74,36.49,0.63,-7.79,-3.77,9.27,3152.43,success,
chaikin-money-flow,NEARUSDT,8h,63,36.51,1.24,2.78,1.12,8.89,4259.05,success,
chaikin-money-flow,NEARUSDT,12h,41,43.90,1.01,-0.16,-0.03,5.54,7884.88,success,
chaikin-money-flow,NEARUSDT,1d,29,41.38,1.86,8.16,2.72,4.94,12413.79,success,
chaikin-money-flow,UNIUSDT,4h,124,44.35,1.12,2.05,0.49,5.05,2597.42,success,
chaikin-money-flow,UNIUSDT,6h,80,42.50,1.12,1.47,0.40,5.65,4288.50,success,
chaikin-money-flow,UNIUSDT,8h,68,48.53,2.24,14.13,3.48,3.37,5407.06,success,
chaikin-money-flow,UNIUSDT,12h,40,30.00,0.46,-6.64,-4.02,10.15,8046.00,success,
chaikin-money-flow,UNIUSDT,1d,28,42.86,2.69,13.37,3.96,4.66,11982.86,success,
chaikin-money-flow,HBARUSDT,4h,154,34.42,1.42,11.39,1.77,10.00,3277.40,success,
chaikin-money-flow,HBARUSDT,6h,93,31.18,0.66,-8.23,-1.87,9.45,3600.00,success,
chaikin-money-flow,HBARUSDT,8h,56,37.50,1.22,2.06,0.96,5.59,5391.43,success,
chaikin-money-flow,HBARUSDT,12h,51,29.41,0.43,-9.86,-5.75,10.53,5872.94,success,
chaikin-money-flow,HBARUSDT,1d,24,20.83,1.41,3.59,1.74,3.81,11700.00,success,
chaikin-money-flow,TRXUSDT,4h,134,35.82,0.76,-4.91,-1.88,6.02,4044.18,success,
chaikin-money-flow,TRXUSDT,6h,82,45.12,1.98,6.89,3.12,2.11,7318.54,success,
chaikin-money-flow,TRXUSDT,8h,66,53.03,3.01,25.10,2.99,4.67,7083.64,success,
chaikin-money-flow,TRXUSDT,12h,50,58.00,2.78,12.33,3.20,2.07,11044.80,success,
chaikin-money-flow,TRXUSDT,1d,26,30.77,0.48,-5.45,-3.47,6.82,19163.08,success,
chaikin-money-flow,ZECUSDT,4h,127,40.16,1.29,6.53,1.06,3.97,3235.28,success,
chaikin-money-flow,ZECUSDT,6h,72,40.28,1.06,0.74,0.37,9.60,5205.00,success,
chaikin-money-flow,ZECUSDT,8h,73,49.32,1.36,5.91,1.41,4.63,7101.37,success,
chaikin-money-flow,ZECUSDT,12h,40,45.00,0.78,-3.32,-1.75,7.91,11934.00,success,
chaikin-money-flow,ZECUSDT,1d,26,30.77,1.34,5.11,1.49,9.28,21156.92,success,
chaikin-money-flow,LTCUSDT,4h,129,41.86,0.71,-8.75,-1.75,12.68,5179.53,success,
chaikin-money-flow,LTCUSDT,6h,94,36.17,0.69,-7.21,-2.07,12.50,5380.85,success,
chaikin-money-flow,LTCUSDT,8h,75,50.67,2.17,13.78,4.23,2.26,8819.20,success,
chaikin-money-flow,LTCUSDT,12h,44,61.36,2.01,6.81,3.86,2.69,9981.82,success,
chaikin-money-flow,LTCUSDT,1d,32,34.38,0.37,-8.14,-4.96,9.55,20745.00,success,
chaikin-money-flow,AAVEUSDT,4h,107,39.25,1.32,5.11,1.20,3.60,2314.77,success,
chaikin-money-flow,AAVEUSDT,6h,81,39.51,1.48,8.08,2.03,4.98,4337.78,success,
chaikin-money-flow,AAVEUSDT,8h,45,62.22,2.83,12.45,5.45,1.85,7317.33,success,
chaikin-money-flow,AAVEUSDT,12h,42,28.57,0.82,-2.57,-0.70,6.25,8297.14,success,
chaikin-money-flow,AAVEUSDT,1d,26,38.46,1.23,1.88,1.06,3.99,19716.92,success,
chaikin-money-flow,ETCUSDT,4h,127,40.16,1.00,-0.86,-0.25,4.25,3435.59,success,
chaikin-money-flow,ETCUSDT,6h,84,50.00,1.47,6.81,2.82,7.77,5738.57,success,
chaikin-money-flow,ETCUSDT,8h,77,41.56,0.89,-2.02,-1.32,4.88,6196.36,success,
chaikin-money-flow,ETCUSDT,12h,50,36.00,0.77,-2.83,-1.71,7.68,10915.20,success,
chaikin-money-flow,ETCUSDT,1d,45,37.78,1.22,2.22,0.93,4.46,17504.00,success,
chaikin-money-flow,BCHUSDT,4h,122,33.61,0.97,-1.71,0.05,8.78,3603.93,success,
chaikin-money-flow,BCHUSDT,6h,94,37.23,1.67,12.23,1.97,9.31,5537.87,success,
chaikin-money-flow,BCHUSDT,8h,73,53.42,2.82,17.96,4.56,3.04,7285.48,success,
chaikin-money-flow,BCHUSDT,12h,47,25.53,0.59,-6.56,-2.87,11.11,8257.02,success,
chaikin-money-flow,BCHUSDT,1d,23,34.78,2.65,8.87,3.27,4.18,13711.30,success,
chaikin-money-flow,DOGEUSDT,4h,166,45.78,1.09,2.33,0.07,11.20,3826.99,success,
chaikin-money-flow,DOGEUSDT,6h,115,39.13,0.79,-5.90,-1.85,9.46,3856.70,success,
chaikin-money-flow,DOGEUSDT,8h,75,40.00,1.06,0.80,0.23,10.20,5817.60,success,
chaikin-money-flow,DOGEUSDT,12h,51,49.02,1.71,10.73,2.63,5.71,10136.47,success,
chaikin-money-flow,DOGEUSDT,1d,31,38.71,1.61,5.03,2.40,2.41,13378.06,success,
keltner-breakout-optimized,BTCUSDT,4h,10,10.00,0.24,-4.79,-8.81,4.79,89184.00,success,
keltner-breakout-optimized,BTCUSDT,6h,6,16.67,0.34,-2.99,-6.10,4.49,128520.00,success,
keltner-breakout-optimized,BTCUSDT,8h,9,22.22,0.24,-7.41,-9.08,9.69,130773.33,success,
keltner-breakout-optimized,BTCUSDT,12h,4,25.00,0.34,-3.23,-7.10,4.07,62820.00,success,
keltner-breakout-optimized,BTCUSDT,1d,4,0.00,0.00,-8.90,-35.20,8.90,131400.00,success,
keltner-breakout-optimized,ETHUSDT,4h,12,41.67,0.91,-1.13,-0.59,4.05,45080.00,success,
keltner-breakout-optimized,ETHUSDT,6h,15,33.33,0.71,-5.42,-2.84,9.39,93552.00,success,
keltner-breakout-optimized,ETHUSDT,8h,13,46.15,0.71,-5.50,-3.34,9.47,130153.85,success,
keltner-breakout-optimized,ETHUSDT,12h,12,41.67,0.48,-10.96,-5.85,15.41,154200.00,success,
keltner-breakout-optimized,ETHUSDT,1d,3,66.67,0.80,-0.43,-1.30,2.03,101760.00,success,
keltner-breakout-optimized,SOLUSDT,4h,10,30.00,0.59,-5.36,-2.76,10.12,92928.00,success,
keltner-breakout-optimized,SOLUSDT,6h,7,42.86,0.89,-0.93,-0.02,7.77,72102.86,success,
keltner-breakout-optimized,SOLUSDT,8h,10,60.00,1.07,0.77,0.86,6.19,87360.00,success,
keltner-breakout-optimized,SOLUSDT,12h,7,57.14,0.66,-3.53,-2.43,7.35,118080.00,success,
keltner-breakout-optimized,SOLUSDT,1d,3,66.67,0.89,-0.35,-0.59,3.04,140160.00,success,
keltner-breakout-optimized,BNBUSDT,4h,7,28.57,0.49,-3.37,-3.96,3.66,92125.71,success,
keltner-breakout-optimized,BNBUSDT,6h,3,33.33,0.23,-3.46,-6.72,3.46,61080.00,success,
keltner-breakout-optimized,BNBUSDT,8h,3,0.00,0.00,-5.41,-28.47,5.41,107520.00,success,
keltner-breakout-optimized,BNBUSDT,12h,7,28.57,0.84,-1.83,-3.03,10.09,149348.57,success,
keltner-breakout-optimized,BNBUSDT,1d,2,100.00,Infinity,17.38,109.28,0.00,220320.00,success,
keltner-breakout-optimized,DOTUSDT,4h,10,50.00,1.50,5.28,3.47,8.15,199416.00,success,
keltner-breakout-optimized,DOTUSDT,6h,10,80.00,8.60,27.12,14.63,2.82,377388.00,success,
keltner-breakout-optimized,DOTUSDT,8h,9,77.78,9.92,19.76,14.44,1.86,335786.67,success,
keltner-breakout-optimized,DOTUSDT,12h,4,50.00,1.73,1.64,3.02,2.27,205560.00,success,
keltner-breakout-optimized,DOTUSDT,1d,2,100.00,Infinity,1.88,13.63,0.00,77760.00,success,
keltner-breakout-optimized,SUIUSDT,4h,7,71.43,2.84,14.61,6.31,6.96,64491.43,success,
keltner-breakout-optimized,SUIUSDT,6h,6,66.67,2.24,5.29,4.58,4.08,159180.00,success,
keltner-breakout-optimized,SUIUSDT,8h,4,75.00,1.52,2.01,2.68,3.76,71880.00,success,
keltner-breakout-optimized,SUIUSDT,12h,7,85.71,3.34,6.26,7.71,2.53,67062.86,success,
keltner-breakout-optimized,SUIUSDT,1d,6,50.00,0.71,-1.48,-1.57,4.53,54720.00,success,
keltner-breakout-optimized,XRPUSDT,4h,21,38.10,1.36,4.50,1.16,6.52,74777.14,success,
keltner-breakout-optimized,XRPUSDT,6h,19,42.11,2.50,20.50,5.09,6.46,79768.42,success,
keltner-breakout-optimized,XRPUSDT,8h,17,17.65,0.16,-21.77,-10.37,24.32,168649.41,success,
keltner-breakout-optimized,XRPUSDT,12h,8,62.50,1.45,2.14,2.05,3.22,328410.00,success,
keltner-breakout-optimized,XRPUSDT,1d,5,60.00,6.58,6.75,6.62,1.14,71712.00,success,
keltner-breakout-optimized,ADAUSDT,4h,15,33.33,0.82,-3.61,-1.29,15.22,131008.00,success,
keltner-breakout-optimized,ADAUSDT,6h,8,50.00,3.08,9.01,7.09,2.47,129690.00,success,
keltner-breakout-optimized,ADAUSDT,8h,11,45.45,0.66,-6.45,-2.02,14.47,166472.73,success,
keltner-breakout-optimized,ADAUSDT,12h,9,44.44,0.72,-3.81,-1.77,13.45,235120.00,success,
keltner-breakout-optimized,ADAUSDT,1d,2,50.00,0.81,-0.57,-1.03,2.93,134640.00,success,
keltner-breakout-optimized,XLMUSDT,4h,15,53.33,1.70,8.71,2.73,7.26,117360.00,success,
keltner-breakout-optimized,XLMUSDT,6h,16,31.25,0.31,-16.70,-6.90,20.61,210712.50,success,
keltner-breakout-optimized,XLMUSDT,8h,12,33.33,0.16,-17.35,-11.05,20.56,166480.00,success,
keltner-breakout-optimized,XLMUSDT,12h,6,33.33,0.19,-10.20,-8.62,12.60,186000.00,success,
keltner-breakout-optimized,XLMUSDT,1d,5,20.00,0.34,-5.81,-5.40,8.42,127872.00,success,
keltner-breakout-optimized,XMRUSDT,4h,9,11.11,0.21,-10.61,-13.58,10.61,75760.00,success,
keltner-breakout-optimized,XMRUSDT,6h,5,0.00,0.00,-10.23,-73.63,10.23,57240.00,success,
keltner-breakout-optimized,XMRUSDT,8h,5,20.00,0.47,-5.28,-3.65,9.99,85152.00,success,
keltner-breakout-optimized,XMRUSDT,12h,4,0.00,0.00,-8.63,-69.96,8.63,172980.00,success,
keltner-breakout-optimized,XMRUSDT,1d,2,50.00,4412.98,6.19,11.20,0.01,120240.00,success,
keltner-breakout-optimized,NEARUSDT,4h,14,28.57,0.59,-9.17,-1.79,21.00,135205.71,success,
keltner-breakout-optimized,NEARUSDT,6h,14,57.14,2.26,16.40,6.19,7.43,320862.86,success,
keltner-breakout-optimized,NEARUSDT,8h,9,66.67,3.14,14.24,8.15,4.52,343573.33,success,
keltner-breakout-optimized,NEARUSDT,12h,2,50.00,1.48,0.66,2.24,1.38,258480.00,success,
keltner-breakout-optimized,NEARUSDT,1d,0,0.00,0.00,0.00,0.00,0.00,0.00,no_trades,
keltner-breakout-optimized,UNIUSDT,4h,14,28.57,0.27,-12.79,-6.90,13.40,62057.14,success,
keltner-breakout-optimized,UNIUSDT,6h,16,56.25,1.03,0.55,0.20,12.28,146520.00,success,
keltner-breakout-optimized,UNIUSDT,8h,15,53.33,0.74,-6.63,-1.93,11.20,133664.00,success,
keltner-breakout-optimized,UNIUSDT,12h,4,25.00,0.35,-3.73,-5.44,4.44,100980.00,success,
keltner-breakout-optimized,UNIUSDT,1d,2,50.00,0.01,-6.81,-10.98,6.88,178560.00,success,
keltner-breakout-optimized,HBARUSDT,4h,14,50.00,1.07,0.87,-0.07,8.20,66857.14,success,
keltner-breakout-optimized,HBARUSDT,6h,11,18.18,0.77,-3.22,-0.95,8.75,102010.91,success,
keltner-breakout-optimized,HBARUSDT,8h,5,20.00,0.93,-0.61,-0.15,7.65,151680.00,success,
keltner-breakout-optimized,HBARUSDT,12h,3,66.67,1.06,0.08,0.34,1.78,92400.00,success,
keltner-breakout-optimized,HBARUSDT,1d,5,60.00,1.47,3.30,2.89,6.52,98208.00,success,
keltner-breakout-optimized,TRXUSDT,4h,22,40.91,0.73,-3.69,-2.06,12.06,87218.18,success,
keltner-breakout-optimized,TRXUSDT,6h,19,36.84,0.37,-11.76,-7.03,14.42,107658.95,success,
keltner-breakout-optimized,TRXUSDT,8h,14,42.86,0.27,-12.73,-8.98,15.62,140502.86,success,
keltner-breakout-optimized,TRXUSDT,12h,5,100.00,Infinity,7.45,16.27,0.00,158832.00,success,
keltner-breakout-optimized,TRXUSDT,1d,4,75.00,0.41,-1.77,-3.78,2.97,147600.00,success,
keltner-breakout-optimized,ZECUSDT,4h,9,44.44,0.87,-1.27,-2.25,7.33,83973.33,success,
keltner-breakout-optimized,ZECUSDT,6h,5,0.00,0.00,-6.45,-15.00,6.45,75168.00,success,
keltner-breakout-optimized,ZECUSDT,8h,4,25.00,0.02,-7.72,-13.07,7.90,148080.00,success,
keltner-breakout-optimized,ZECUSDT,12h,1,0.00,0.00,-0.26,0.00,0.26,8640.00,success,
keltner-breakout-optimized,ZECUSDT,1d,3,66.67,12476.79,18.46,15.16,0.01,170880.00,success,
keltner-breakout-optimized,LTCUSDT,4h,13,30.77,0.35,-9.63,-7.13,10.08,110270.77,success,
keltner-breakout-optimized,LTCUSDT,6h,14,35.71,0.48,-9.25,-5.29,11.61,124354.29,success,
keltner-breakout-optimized,LTCUSDT,8h,8,75.00,3.10,6.91,9.32,3.13,251700.00,success,
keltner-breakout-optimized,LTCUSDT,12h,3,66.67,1.50,1.12,2.66,2.25,408240.00,success,
keltner-breakout-optimized,LTCUSDT,1d,3,0.00,0.00,-8.03,-423.19,8.03,222240.00,success,
keltner-breakout-optimized,AAVEUSDT,4h,11,45.45,0.73,-4.25,-1.94,10.06,93381.82,success,
keltner-breakout-optimized,AAVEUSDT,6h,9,33.33,0.67,-3.29,-2.06,9.54,152200.00,success,
keltner-breakout-optimized,AAVEUSDT,8h,7,28.57,0.36,-4.98,-4.78,7.32,105051.43,success,
keltner-breakout-optimized,AAVEUSDT,12h,8,37.50,0.42,-4.74,-4.79,6.33,160110.00,success,
keltner-breakout-optimized,AAVEUSDT,1d,0,0.00,0.00,0.00,0.00,0.00,0.00,no_trades,
keltner-breakout-optimized,ETCUSDT,4h,17,35.29,0.80,-3.33,-0.35,9.02,171924.71,success,
keltner-breakout-optimized,ETCUSDT,6h,9,44.44,1.03,0.19,1.58,4.26,251760.00,success,
keltner-breakout-optimized,ETCUSDT,8h,10,60.00,1.20,2.06,2.85,7.60,288624.00,success,
keltner-breakout-optimized,ETCUSDT,12h,4,25.00,0.29,-5.46,-8.39,5.46,180360.00,success,
keltner-breakout-optimized,ETCUSDT,1d,2,50.00,0.19,-2.29,-7.57,2.83,135360.00,success,
keltner-breakout-optimized,BCHUSDT,4h,10,20.00,0.39,-7.36,-4.45,9.75,61848.00,success,
keltner-breakout-optimized,BCHUSDT,6h,10,10.00,0.17,-12.36,-9.50,12.36,128520.00,success,
keltner-breakout-optimized,BCHUSDT,8h,9,22.22,0.24,-9.91,-10.27,9.91,81493.33,success,
keltner-breakout-optimized,BCHUSDT,12h,8,62.50,1.71,8.90,2.17,7.64,78840.00,success,
keltner-breakout-optimized,BCHUSDT,1d,1,0.00,0.00,-1.25,0.00,1.25,138240.00,success,
keltner-breakout-optimized,DOGEUSDT,4h,7,42.86,1.06,0.40,-0.29,5.16,49508.57,success,
keltner-breakout-optimized,DOGEUSDT,6h,11,54.55,2.67,8.03,5.13,4.51,103418.18,success,
keltner-breakout-optimized,DOGEUSDT,8h,15,40.00,0.56,-8.62,-3.02,15.70,142304.00,success,
keltner-breakout-optimized,DOGEUSDT,12h,7,42.86,1.29,1.19,1.40,3.78,124662.86,success,
keltner-breakout-optimized,DOGEUSDT,1d,5,40.00,0.27,-4.88,-6.89,6.55,86400.00,success,